{"timeUnit":"ms","distanceUnit":"km","speedUnit":"km/h","totalDistance":177.49619592609756,"totalPickups":1,"totalDeliveries":0,"pickupWaitingTimes":[133781],"pickupWaitingTimeSum":133781,"pickupWaitingTimeMin":133781,"pickupWaitingTimeMax":133781,"pickupWaitingTimeMedian":133781,"pickupWaitingTimeAvg":0,"numberOfRequests":[1],"numberOfRequestsSum":1,"numberOfRequestsMin":1,"numberOfRequestsMax":1,"numberOfRequestsMedian":1,"numberOfRequestsAvg":1.0,"travelTimeOverhead":0.0,"travelTimeOverheadAvg":0.0,"computationTime":8716,"simulationTime":213000,"simFinish":false,"totalVehicles":200,"movedVehicles":200,"amountOfIdleTaxis":[200,200,200,200,200,200,200,200,200,200,200,200,200,200,200,200,200,200,200,200,200,200,200,200,200,200,200,200,200,200,200,200,200,200,200,200,200,200,200,200,200,200,200,200,200,200,200,200,199,199,199,199,199,199,199,199,199,199,199,199,199,199,199,199,199,199,199,199,199,199,199,199,198,198,198,198,198,197,197,197,197,197,197,197,197,197,197,197,197,197,197,197,197,197,197,197,197,197,197,197,197,197,197,197,197,197,197,197,197,197,197,197,197,197,196,196,196,196,196,196,196,196,196,196,196,196,196,196,196,196,196,195,195,195,195,195,195,195,195,195,195,195,195,195,195,195,195,195,195,195,195,194,194,194,194,194,194,194,194,194,194,194,194,194,194,194,194,194,194,194,194,194,194,194,194,194,194,194,194,194,194,194,194,194,194,194,194,194,194,194,194,194,194,194,194,194,194,194,194,194,194,194,194,194,194,194,194,194,194,194,194,194,194],"amountOfWaitingCustomers":[0,0,0,0,0,0,0,0,0,0,0,0,0,0,0,0,0,0,0,0,0,0,0,0,0,0,0,0,0,0,0,0,0,0,0,0,0,0,0,0,0,0,0,0,0,0,1,1,1,1,1,1,1,1,1,1,1,1,1,1,1,1,1,1,1,1,1,1,1,1,2,2,2,2,2,3,3,3,3,3,3,3,3,3,3,3,3,3,3,3,3,3,3,3,3,3,3,3,3,3,3,3,3,3,3,3,3,3,3,3,3,3,4,4,4,4,4,4,4,4,4,4,4,4,4,4,4,4,4,5,5,5,5,5,5,5,5,5,5,5,5,5,5,5,5,5,5,5,5,6,6,6,6,6,6,6,6,6,6,6,6,6,6,6,6,6,6,6,6,6,6,6,6,6,6,6,6,6,6,6,6,6,6,6,6,6,6,6,6,6,6,6,6,6,6,6,6,6,6,6,6,6,5,5,5,5,5,5,5,5,5,5,5],"totalIdleMovement":[0.8875,0.8875,0.8875,0.8875,0.8875,0.8875,0.8875,0.8875,0.8875,0.8875,0.8875,0.8875,0.8875,0.8875,0.8875,0.8875,0.8875,0.8875,0.8875,0.8875,0.8875,0.8875,0.8875,0.8875,0.8875,0.8875,0.8875,0.8875,0.8875,0.8875,0.8875,0.8875,0.8875,0.8875,0.8875,0.8875,0.8875,0.8875,0.8875,0.8875,0.8875,0.8875,0.8875,0.8875,0.8875,0.8875,0.8875,0.8875,0.8875,0.8875,0.8875,0.5458333333333333,0.8875,0.8875,0.8875,0.8875,0.8875,0.8875,0.8875,0.475,0.8875,0.8875,0.8875,0.8875,0.8875,0.8875,0.8875,0.8875,0.8875,0.8875,0.8875,0.8875,0.8875,0.8875,0.8875,0.8875,0.8875,0.8875,0.8875,0.8875,0.8875,0.8875,0.8875,0.8875,0.8875,0.8875,0.8875,0.8875,0.8875,0.8875,0.8875,0.8875,0.8875,0.8875,0.8875,0.8875,0.8875,0.8875,0.8875,0.8875,0.8875,0.8875,0.8875,0.8875,0.8875,0.8875,0.8875,0.8875,0.8875,0.8875,0.8875,0.8875,0.8875,0.8875,0.8875,0.8875,0.8875,0.8875,0.8875,0.8875,0.8875,0.8875,0.8875,0.8875,0.8875,0.8875,0.8875,0.8875,0.8875,0.8875,0.8875,0.8875,0.8875,0.8875,0.8875,0.8875,0.8875,0.8875,0.8875,0.8875,0.8875,0.8875,0.8875,0.8875,0.8875,0.3,0.8875,0.8875,0.8875,0.8875,0.8875,0.8875,0.8875,0.8875,0.8875,0.8875,0.8875,0.8875,0.8875,0.8875,0.8875,0.8875,0.3208333333333333,0.8875,0.8875,0.8846083508585753,0.8875,0.8875,0.8875,0.8875,0.8875,0.8875,0.8875,0.8875,0.8875,0.8875,0.8875,0.8875,0.8875,0.8875,0.6291666666666667,0.8875,0.2,0.8875,0.8875,0.8875,0.8875,0.8875,0.8875,0.8875,0.8875,0.8875,0.8875,0.8875,0.8875,0.8875,0.8875,0.8875,0.8875,0.8875],"tradeProfits":[],"args":["-f","-g","-t"]}